,Outlier,Max,Ctx
119,34372,18059,"[0. 1. 1. 1. 0. 0. 1. 1. 0. 0. 1. 1. 0. 1. 1. 1. 1. 1. 1. 0. 1. 0. 0. 1.
 0.]"
40,16325,28849,"[0. 1. 0. 1. 0. 1. 0. 1. 0. 1. 0. 1. 0. 0. 0. 0. 0. 1. 0. 1. 1. 0. 0. 1.
 1.]"
113,12667,43995,"[0. 1. 1. 1. 1. 0. 1. 0. 1. 1. 1. 1. 0. 0. 1. 0. 1. 1. 1. 0. 0. 1. 0. 1.
 1.]"
36,67632,51011,"[0. 0. 0. 1. 1. 0. 0. 0. 1. 0. 1. 0. 0. 0. 1. 1. 0. 1. 1. 0. 0. 1. 1. 1.
 0.]"
192,74484,39188,"[0. 0. 1. 0. 0. 1. 1. 1. 0. 1. 1. 0. 0. 1. 0. 0. 0. 0. 1. 1. 0. 0. 0. 0.
 0.]"
154,96934,44079,"[0. 0. 1. 0. 1. 1. 1. 1. 0. 1. 1. 1. 0. 1. 1. 0. 0. 1. 0. 1. 0. 1. 1. 0.
 0.]"
180,67632,51011,"[0. 1. 1. 0. 1. 0. 1. 1. 0. 0. 1. 0. 0. 1. 1. 0. 0. 1. 1. 1. 1. 0. 0. 1.
 0.]"
181,11630,41042,"[1. 1. 0. 0. 0. 1. 0. 1. 1. 1. 1. 1. 0. 0. 0. 0. 0. 1. 1. 0. 1. 1. 0. 1.
 1.]"
167,11630,41042,"[1. 1. 0. 1. 1. 0. 1. 1. 1. 1. 1. 1. 1. 0. 0. 0. 1. 1. 0. 0. 1. 0. 1. 1.
 0.]"
63,12906,32250,"[0. 0. 1. 0. 0. 1. 1. 1. 1. 0. 0. 1. 1. 1. 1. 1. 1. 1. 1. 0. 0. 1. 1. 1.
 1.]"
62,125216,17071,"[0. 1. 0. 1. 1. 0. 0. 1. 0. 0. 0. 0. 1. 0. 0. 0. 0. 0. 0. 0. 1. 0. 1. 1.
 0.]"
152,97399,35715,"[0. 1. 1. 0. 0. 1. 1. 0. 1. 1. 1. 0. 1. 1. 1. 0. 1. 1. 0. 1. 0. 1. 0. 1.
 1.]"
141,68039,20221,"[0. 1. 1. 0. 0. 0. 1. 0. 0. 0. 0. 1. 0. 1. 1. 1. 1. 0. 1. 1. 1. 0. 0. 1.
 0.]"
151,47008,20758,"[1. 0. 0. 0. 1. 0. 0. 0. 1. 0. 1. 0. 1. 0. 1. 0. 0. 0. 1. 0. 0. 0. 1. 1.
 1.]"
136,11630,41042,"[1. 0. 1. 1. 1. 1. 0. 0. 1. 1. 0. 1. 0. 0. 0. 1. 0. 1. 0. 0. 1. 0. 0. 0.
 1.]"
3,97021,51011,"[0. 0. 1. 1. 1. 0. 1. 0. 1. 0. 0. 1. 0. 0. 1. 0. 0. 1. 0. 1. 0. 1. 1. 0.
 1.]"
199,116258,7788,"[1. 0. 0. 0. 1. 0. 1. 0. 1. 1. 1. 0. 1. 1. 1. 0. 0. 0. 0. 0. 1. 1. 1. 1.
 0.]"
143,33250,19206,"[1. 0. 1. 0. 0. 0. 0. 1. 0. 0. 1. 1. 1. 0. 0. 1. 1. 1. 1. 1. 0. 1. 1. 0.
 0.]"
51,30004,30415,"[1. 0. 1. 1. 0. 1. 1. 1. 0. 0. 0. 1. 1. 0. 0. 0. 1. 1. 1. 0. 1. 1. 0. 0.
 0.]"
127,11630,41042,"[1. 0. 0. 0. 1. 0. 0. 0. 1. 1. 0. 0. 1. 1. 1. 1. 1. 1. 1. 0. 1. 1. 0. 1.
 1.]"
148,47101,23475,"[1. 0. 0. 0. 0. 0. 1. 0. 1. 0. 0. 0. 0. 0. 0. 0. 1. 0. 1. 1. 1. 0. 1. 0.
 0.]"
135,68039,20221,"[0. 0. 0. 1. 0. 0. 1. 0. 1. 0. 1. 1. 1. 0. 1. 0. 0. 1. 1. 0. 0. 0. 0. 0.
 0.]"
155,11630,41042,"[1. 0. 0. 0. 0. 0. 0. 1. 1. 1. 1. 0. 1. 0. 1. 1. 0. 1. 0. 0. 0. 1. 1. 0.
 0.]"
163,66301,8989,"[0. 1. 0. 1. 0. 0. 1. 1. 0. 0. 1. 1. 1. 1. 1. 0. 1. 0. 1. 0. 0. 0. 0. 1.
 0.]"
12,147230,39945,"[1. 0. 1. 0. 0. 1. 0. 1. 0. 0. 0. 1. 0. 1. 1. 1. 1. 0. 0. 0. 0. 1. 0. 0.
 0.]"
39,45756,32250,"[1. 1. 1. 0. 1. 1. 1. 0. 1. 1. 1. 1. 1. 0. 1. 1. 1. 0. 1. 0. 1. 1. 1. 0.
 1.]"
44,66301,8989,"[0. 0. 0. 1. 0. 0. 0. 1. 1. 0. 0. 0. 1. 0. 0. 0. 1. 0. 1. 1. 0. 0. 1. 0.
 1.]"
24,140750,25706,"[0. 0. 0. 1. 0. 0. 1. 1. 0. 0. 1. 1. 1. 1. 1. 1. 1. 0. 0. 0. 0. 1. 1. 1.
 1.]"
170,74841,20445,"[1. 0. 0. 0. 0. 0. 1. 0. 0. 1. 1. 0. 0. 1. 0. 0. 1. 0. 1. 1. 0. 0. 0. 0.
 0.]"
146,47101,23475,"[1. 0. 1. 1. 1. 1. 0. 1. 1. 0. 1. 1. 0. 1. 1. 0. 0. 0. 1. 0. 0. 0. 1. 1.
 0.]"
59,67550,23055,"[1. 1. 0. 0. 1. 1. 1. 0. 0. 0. 0. 1. 1. 0. 1. 0. 1. 0. 1. 1. 0. 0. 0. 1.
 0.]"
118,80408,3492,"[0. 1. 1. 0. 1. 0. 0. 1. 0. 1. 0. 1. 0. 0. 0. 0. 0. 0. 0. 1. 1. 1. 0. 0.
 0.]"
108,34876,38656,"[1. 0. 0. 0. 1. 0. 0. 0. 0. 0. 0. 1. 0. 1. 1. 1. 0. 1. 0. 1. 0. 1. 1. 0.
 1.]"
26,34652,31218,"[0. 0. 1. 0. 1. 0. 0. 0. 0. 1. 0. 1. 1. 1. 1. 0. 0. 1. 0. 1. 0. 0. 1. 1.
 1.]"
57,81642,32261,"[0. 0. 1. 1. 0. 0. 0. 0. 1. 0. 0. 0. 1. 0. 1. 1. 0. 0. 0. 1. 1. 0. 0. 0.
 0.]"
175,125216,17071,"[1. 1. 0. 0. 0. 1. 1. 1. 0. 1. 0. 1. 1. 0. 0. 1. 0. 0. 0. 0. 1. 1. 0. 1.
 1.]"
94,45756,32250,"[0. 1. 1. 0. 0. 1. 1. 1. 1. 1. 1. 0. 0. 1. 0. 0. 1. 0. 1. 1. 1. 0. 1. 1.
 0.]"
105,45756,32250,"[0. 0. 1. 1. 0. 0. 0. 1. 1. 1. 0. 0. 1. 1. 1. 0. 0. 0. 1. 1. 1. 0. 0. 1.
 1.]"
79,33231,11983,"[0. 0. 1. 1. 0. 0. 1. 1. 0. 0. 0. 0. 1. 0. 0. 1. 1. 1. 1. 0. 0. 0. 1. 0.
 1.]"
68,80554,27280,"[0. 0. 1. 1. 1. 0. 1. 1. 1. 1. 1. 1. 1. 1. 0. 1. 1. 0. 0. 1. 0. 0. 1. 1.
 1.]"
150,96934,44079,"[1. 1. 0. 0. 1. 0. 0. 0. 0. 0. 0. 1. 1. 1. 1. 0. 0. 0. 0. 1. 0. 0. 0. 0.
 1.]"
134,47623,29286,"[1. 1. 1. 1. 1. 0. 1. 1. 1. 0. 1. 0. 1. 0. 0. 1. 1. 0. 1. 0. 0. 1. 0. 1.
 1.]"
168,130076,30062,"[1. 0. 1. 1. 1. 0. 1. 1. 1. 1. 0. 0. 0. 1. 0. 0. 1. 0. 0. 0. 1. 0. 0. 1.
 1.]"
139,114980,20168,"[0. 0. 1. 0. 1. 1. 1. 0. 1. 1. 0. 0. 1. 1. 1. 1. 0. 1. 0. 0. 1. 1. 0. 0.
 0.]"
193,28768,37835,"[1. 0. 0. 1. 1. 0. 0. 0. 0. 0. 1. 0. 0. 1. 0. 1. 1. 1. 1. 1. 0. 1. 0. 0.
 1.]"
101,11630,41042,"[1. 1. 1. 1. 1. 0. 0. 1. 1. 0. 1. 0. 0. 1. 0. 0. 1. 1. 0. 1. 0. 0. 0. 1.
 1.]"
117,137145,3317,"[1. 1. 1. 0. 0. 0. 0. 1. 1. 0. 0. 0. 0. 0. 1. 1. 0. 0. 0. 0. 0. 1. 1. 0.
 1.]"
15,136957,21503,"[0. 1. 1. 0. 0. 0. 1. 1. 1. 0. 0. 0. 0. 0. 0. 1. 1. 0. 0. 0. 0. 1. 1. 0.
 1.]"
99,99875,20227,"[1. 0. 1. 0. 0. 1. 0. 0. 0. 1. 1. 0. 0. 0. 0. 1. 0. 0. 0. 1. 1. 1. 1. 0.
 0.]"
83,45776,13544,"[1. 1. 0. 1. 0. 0. 0. 0. 0. 1. 1. 0. 1. 1. 1. 1. 0. 0. 1. 0. 1. 0. 1. 0.
 0.]"
96,48497,51011,"[1. 0. 0. 1. 0. 1. 1. 1. 1. 0. 0. 0. 1. 1. 1. 0. 0. 0. 1. 0. 1. 1. 1. 0.
 1.]"
140,47199,32250,"[1. 0. 1. 1. 0. 1. 0. 1. 1. 0. 1. 1. 1. 0. 1. 1. 1. 0. 1. 0. 1. 1. 0. 1.
 1.]"
43,12667,43995,"[0. 1. 1. 1. 0. 1. 1. 1. 1. 1. 0. 1. 0. 1. 0. 0. 0. 1. 1. 1. 1. 1. 1. 1.
 0.]"
109,12667,43995,"[0. 1. 1. 1. 1. 1. 0. 0. 1. 0. 1. 1. 1. 0. 1. 1. 1. 1. 1. 1. 0. 1. 1. 0.
 0.]"
165,45979,9505,"[0. 1. 1. 1. 0. 0. 0. 1. 0. 1. 0. 0. 1. 0. 1. 1. 1. 0. 1. 0. 0. 1. 1. 1.
 0.]"
171,67632,51011,"[0. 1. 0. 1. 1. 0. 1. 0. 0. 1. 1. 1. 0. 0. 1. 0. 1. 0. 1. 1. 1. 0. 1. 0.
 0.]"
52,115319,12747,"[0. 0. 1. 1. 0. 0. 1. 1. 1. 1. 1. 1. 0. 0. 0. 0. 1. 0. 0. 0. 1. 0. 1. 1.
 0.]"
98,67550,23055,"[1. 1. 0. 1. 1. 1. 1. 1. 0. 1. 1. 1. 0. 0. 1. 0. 0. 1. 1. 0. 1. 0. 0. 1.
 0.]"
84,126381,44457,"[1. 0. 1. 1. 0. 1. 0. 1. 0. 0. 0. 0. 0. 1. 1. 1. 0. 0. 0. 0. 1. 0. 0. 0.
 0.]"
88,84185,30710,"[0. 1. 1. 0. 1. 1. 0. 1. 1. 1. 1. 0. 1. 1. 1. 1. 0. 0. 0. 1. 0. 0. 0. 0.
 0.]"
115,67632,51011,"[1. 0. 1. 0. 1. 0. 1. 1. 0. 1. 0. 0. 0. 0. 1. 0. 0. 1. 1. 1. 1. 1. 0. 0.
 0.]"
86,47199,32250,"[1. 1. 1. 1. 0. 1. 1. 0. 1. 0. 0. 0. 1. 1. 0. 1. 1. 0. 1. 0. 1. 0. 0. 0.
 0.]"
13,81868,35303,"[1. 0. 0. 0. 1. 1. 1. 1. 1. 0. 1. 0. 1. 0. 0. 1. 1. 0. 0. 1. 0. 0. 1. 1.
 1.]"
17,12607,7479,"[0. 0. 0. 1. 1. 1. 0. 0. 1. 0. 1. 1. 0. 1. 0. 0. 1. 0. 0. 0. 0. 0. 1. 1.
 0.]"
35,81333,4412,"[0. 1. 0. 0. 0. 0. 1. 1. 1. 1. 0. 1. 0. 0. 0. 1. 1. 0. 0. 1. 0. 0. 0. 1.
 0.]"
144,96934,44079,"[0. 0. 1. 0. 1. 1. 1. 1. 0. 0. 1. 0. 0. 1. 1. 0. 1. 1. 0. 1. 1. 1. 1. 1.
 0.]"
106,11630,41042,"[1. 0. 0. 0. 0. 1. 0. 0. 1. 0. 0. 1. 0. 1. 0. 0. 1. 1. 1. 0. 1. 0. 0. 0.
 1.]"
172,97214,35715,"[1. 1. 0. 0. 0. 0. 1. 0. 0. 0. 1. 1. 0. 0. 1. 0. 1. 0. 0. 1. 1. 0. 1. 1.
 0.]"
126,13846,44457,"[0. 0. 1. 1. 0. 1. 1. 1. 1. 0. 0. 0. 1. 1. 0. 0. 0. 1. 1. 0. 0. 0. 0. 1.
 0.]"
128,30005,13993,"[0. 1. 0. 0. 0. 1. 1. 0. 0. 1. 0. 1. 0. 0. 0. 1. 0. 1. 0. 0. 1. 0. 1. 1.
 1.]"
133,87511,48210,"[0. 0. 0. 1. 0. 1. 0. 1. 1. 0. 1. 0. 1. 0. 0. 1. 1. 0. 0. 1. 0. 1. 1. 0.
 1.]"
153,11997,7950,"[0. 1. 0. 0. 0. 0. 0. 0. 1. 0. 0. 0. 1. 1. 1. 0. 1. 1. 0. 0. 0. 1. 1. 1.
 0.]"
177,87436,23388,"[0. 1. 1. 1. 0. 1. 1. 0. 0. 0. 0. 0. 1. 0. 0. 1. 1. 0. 0. 1. 0. 0. 1. 0.
 1.]"
110,67550,23055,"[0. 1. 1. 1. 1. 0. 0. 0. 0. 1. 0. 0. 1. 0. 1. 1. 1. 0. 1. 0. 0. 1. 0. 0.
 1.]"
195,47951,33187,"[1. 1. 0. 1. 1. 1. 0. 1. 1. 0. 1. 1. 1. 0. 1. 1. 1. 0. 1. 0. 1. 1. 0. 0.
 0.]"
103,82225,25657,"[0. 1. 0. 0. 0. 1. 0. 0. 1. 1. 1. 0. 1. 0. 1. 0. 0. 0. 0. 1. 1. 0. 1. 1.
 1.]"
149,81633,14092,"[0. 1. 0. 0. 1. 0. 0. 1. 1. 0. 0. 1. 0. 1. 1. 1. 1. 0. 0. 1. 1. 0. 0. 0.
 1.]"
30,126402,14580,"[0. 0. 0. 0. 1. 0. 0. 0. 0. 1. 0. 0. 1. 0. 1. 1. 1. 0. 0. 0. 1. 1. 0. 1.
 1.]"
58,30004,30415,"[0. 1. 0. 0. 1. 1. 0. 1. 0. 1. 0. 1. 1. 0. 0. 1. 0. 1. 0. 0. 1. 1. 0. 0.
 1.]"
164,50279,41994,"[1. 1. 0. 1. 0. 1. 0. 1. 1. 0. 1. 1. 0. 1. 0. 0. 0. 0. 1. 1. 1. 1. 1. 0.
 0.]"
19,67632,51011,"[1. 0. 1. 1. 1. 0. 1. 0. 0. 0. 1. 0. 0. 1. 1. 0. 0. 1. 1. 0. 0. 0. 1. 1.
 1.]"
14,14336,30022,"[0. 1. 1. 0. 1. 0. 1. 1. 1. 1. 1. 1. 0. 0. 0. 0. 0. 1. 0. 1. 0. 1. 0. 1.
 0.]"
85,96934,44079,"[1. 1. 1. 1. 1. 0. 0. 0. 0. 0. 1. 1. 1. 1. 1. 0. 0. 0. 0. 1. 0. 0. 0. 0.
 1.]"
27,28844,20999,"[1. 0. 1. 0. 0. 1. 1. 0. 0. 1. 1. 1. 0. 0. 1. 0. 0. 1. 0. 0. 1. 1. 0. 1.
 1.]"
8,127145,22396,"[1. 0. 0. 1. 1. 0. 0. 0. 1. 1. 1. 1. 0. 0. 0. 0. 1. 0. 0. 0. 1. 1. 0. 0.
 1.]"
31,125292,44457,"[0. 1. 1. 0. 1. 0. 0. 1. 0. 0. 0. 1. 1. 0. 1. 1. 0. 0. 0. 0. 1. 1. 1. 0.
 1.]"
158,30092,24455,"[1. 1. 0. 1. 0. 1. 1. 1. 0. 0. 0. 1. 0. 0. 1. 0. 0. 1. 1. 0. 1. 1. 0. 1.
 1.]"
78,16325,28849,"[1. 1. 1. 1. 1. 0. 1. 0. 0. 1. 0. 1. 1. 0. 0. 1. 1. 1. 0. 0. 1. 0. 0. 0.
 1.]"
198,146790,35715,"[0. 1. 0. 0. 0. 0. 1. 1. 1. 1. 1. 1. 0. 1. 1. 0. 0. 0. 0. 0. 0. 1. 0. 1.
 1.]"
61,47012,21816,"[1. 1. 0. 1. 1. 0. 1. 0. 1. 0. 1. 0. 1. 1. 1. 0. 1. 0. 1. 0. 0. 1. 0. 0.
 0.]"
5,66322,51011,"[0. 1. 0. 0. 1. 0. 1. 1. 0. 1. 1. 1. 1. 0. 0. 1. 0. 0. 1. 0. 0. 0. 1. 1.
 0.]"
49,82112,37191,"[1. 0. 1. 1. 1. 0. 0. 1. 1. 1. 0. 1. 0. 1. 1. 1. 0. 0. 0. 1. 1. 0. 1. 1.
 0.]"
124,98845,13376,"[1. 0. 1. 1. 1. 0. 1. 1. 0. 0. 1. 1. 0. 1. 0. 0. 1. 0. 0. 1. 0. 0. 1. 1.
 0.]"
89,47101,23475,"[1. 0. 1. 0. 0. 0. 0. 1. 1. 1. 0. 0. 0. 0. 1. 1. 0. 0. 1. 1. 0. 1. 1. 0.
 0.]"
60,115960,24834,"[1. 0. 1. 1. 1. 0. 0. 1. 1. 0. 0. 1. 1. 1. 0. 1. 1. 0. 0. 0. 1. 0. 0. 0.
 0.]"
45,126381,44457,"[0. 0. 1. 0. 1. 1. 0. 0. 0. 0. 1. 1. 1. 0. 1. 0. 0. 0. 0. 0. 1. 1. 0. 1.
 0.]"
28,95785,51011,"[0. 1. 0. 1. 1. 1. 0. 1. 0. 0. 1. 1. 1. 0. 0. 0. 1. 0. 0. 1. 1. 0. 1. 1.
 0.]"
100,33231,11983,"[0. 0. 0. 1. 0. 0. 0. 1. 0. 0. 1. 0. 1. 0. 1. 1. 0. 1. 0. 0. 0. 0. 0. 1.
 0.]"
4,96934,44079,"[0. 1. 1. 0. 1. 1. 1. 0. 0. 0. 1. 0. 0. 1. 1. 0. 0. 0. 0. 1. 1. 0. 0. 1.
 0.]"
74,97021,51011,"[0. 0. 0. 0. 1. 0. 0. 0. 1. 0. 1. 1. 1. 0. 1. 0. 1. 1. 0. 1. 1. 1. 1. 0.
 0.]"
132,47101,23475,"[1. 0. 0. 0. 0. 0. 1. 1. 1. 0. 0. 0. 1. 0. 0. 0. 0. 0. 1. 0. 1. 0. 0. 0.
 0.]"
191,34800,42221,"[0. 1. 0. 0. 1. 1. 1. 0. 0. 1. 1. 1. 1. 1. 0. 0. 0. 1. 1. 1. 1. 1. 1. 1.
 1.]"
197,12129,51011,"[1. 1. 1. 1. 1. 0. 0. 0. 1. 1. 1. 0. 0. 1. 0. 1. 1. 1. 1. 1. 0. 1. 1. 0.
 0.]"
157,138507,20657,"[1. 1. 0. 1. 1. 1. 0. 1. 1. 1. 1. 0. 0. 0. 0. 0. 1. 0. 0. 0. 0. 1. 1. 1.
 1.]"
162,12091,15396,"[0. 1. 0. 1. 0. 0. 1. 0. 1. 0. 0. 1. 1. 1. 0. 0. 0. 1. 0. 0. 0. 1. 0. 1.
 1.]"
184,81331,30414,"[1. 1. 0. 0. 1. 1. 0. 0. 1. 1. 1. 0. 0. 1. 0. 0. 1. 0. 0. 1. 1. 0. 1. 0.
 0.]"
147,14942,24455,"[0. 0. 1. 1. 0. 1. 1. 0. 1. 1. 1. 1. 1. 0. 0. 1. 0. 1. 0. 0. 0. 0. 1. 0.
 1.]"
114,29414,38506,"[0. 1. 0. 0. 1. 0. 1. 0. 0. 1. 1. 0. 0. 1. 0. 0. 0. 1. 1. 1. 0. 1. 1. 0.
 0.]"
50,12091,15396,"[0. 1. 1. 0. 1. 1. 1. 0. 1. 0. 0. 0. 0. 0. 1. 1. 1. 1. 0. 0. 0. 0. 1. 1.
 1.]"
65,11630,41042,"[1. 1. 0. 1. 1. 0. 1. 1. 1. 0. 1. 0. 1. 1. 1. 0. 1. 1. 1. 0. 1. 0. 0. 0.
 1.]"
72,28768,37835,"[0. 0. 0. 1. 1. 1. 1. 0. 0. 1. 1. 0. 1. 0. 1. 1. 1. 1. 0. 0. 0. 0. 0. 1.
 0.]"
9,102940,7524,"[1. 1. 1. 0. 0. 0. 1. 0. 0. 0. 0. 1. 0. 1. 0. 0. 1. 0. 0. 1. 1. 1. 0. 0.
 1.]"
111,80741,9679,"[0. 1. 0. 1. 1. 0. 1. 1. 0. 1. 0. 1. 0. 0. 1. 0. 0. 0. 0. 1. 1. 0. 1. 0.
 1.]"
90,67632,51011,"[0. 0. 0. 0. 1. 1. 0. 0. 0. 1. 0. 0. 1. 0. 1. 0. 0. 0. 1. 0. 1. 1. 0. 1.
 0.]"
34,11997,7950,"[0. 1. 0. 1. 0. 0. 0. 0. 1. 1. 0. 1. 0. 0. 0. 0. 1. 1. 0. 0. 1. 0. 0. 1.
 0.]"
33,34396,39945,"[1. 0. 1. 1. 0. 1. 0. 0. 0. 1. 0. 1. 0. 1. 0. 1. 0. 1. 0. 0. 0. 0. 1. 1.
 0.]"
20,66310,44457,"[1. 1. 0. 0. 1. 0. 0. 1. 0. 0. 1. 1. 1. 1. 1. 1. 0. 0. 1. 1. 1. 1. 0. 1.
 0.]"
104,28844,20999,"[1. 1. 0. 0. 0. 1. 1. 1. 0. 0. 1. 1. 0. 0. 0. 1. 0. 1. 1. 0. 0. 0. 1. 1.
 1.]"
75,16121,7950,"[0. 0. 0. 1. 0. 0. 0. 1. 1. 1. 1. 1. 0. 1. 1. 0. 0. 1. 1. 1. 1. 0. 1. 1.
 0.]"
185,47161,34917,"[1. 0. 1. 1. 1. 1. 0. 0. 1. 0. 0. 0. 0. 1. 1. 1. 0. 0. 1. 1. 0. 0. 1. 1.
 0.]"
66,47326,29377,"[0. 1. 0. 0. 0. 0. 1. 1. 1. 0. 0. 0. 0. 0. 0. 0. 0. 0. 1. 1. 1. 1. 0. 1.
 0.]"
166,126332,20066,"[0. 0. 1. 0. 1. 1. 0. 0. 0. 0. 0. 1. 0. 1. 1. 0. 0. 0. 0. 0. 1. 0. 0. 1.
 0.]"
125,74325,35321,"[1. 1. 1. 1. 1. 0. 0. 0. 0. 1. 0. 0. 1. 1. 0. 0. 0. 0. 1. 0. 1. 1. 0. 0.
 1.]"
156,68923,25323,"[0. 0. 0. 1. 0. 1. 1. 0. 0. 1. 1. 1. 0. 0. 0. 1. 0. 0. 1. 0. 0. 1. 0. 1.
 1.]"
93,28751,51011,"[1. 0. 1. 0. 1. 1. 0. 1. 0. 0. 1. 0. 1. 0. 1. 0. 0. 1. 1. 0. 0. 1. 0. 1.
 1.]"
53,12667,43995,"[0. 1. 1. 1. 1. 1. 1. 0. 1. 1. 1. 1. 0. 0. 0. 1. 0. 1. 0. 1. 1. 1. 0. 0.
 0.]"
95,81825,41732,"[0. 0. 1. 0. 1. 0. 1. 1. 1. 1. 1. 1. 1. 0. 1. 0. 0. 0. 0. 1. 0. 1. 0. 1.
 0.]"
71,81331,30414,"[1. 0. 0. 0. 0. 0. 1. 0. 1. 0. 0. 1. 0. 1. 0. 0. 1. 0. 0. 1. 0. 1. 0. 0.
 0.]"
107,126381,44457,"[0. 0. 0. 0. 0. 1. 1. 1. 1. 1. 0. 0. 0. 1. 1. 0. 0. 0. 0. 0. 1. 1. 1. 0.
 1.]"
91,81331,30414,"[1. 0. 0. 0. 0. 0. 0. 1. 1. 1. 1. 1. 0. 0. 0. 0. 0. 0. 0. 1. 0. 1. 1. 1.
 1.]"
131,126381,44457,"[0. 0. 0. 1. 0. 1. 1. 1. 0. 0. 1. 1. 0. 0. 1. 1. 0. 0. 0. 0. 1. 1. 1. 0.
 0.]"
161,46060,35619,"[1. 1. 1. 1. 1. 1. 0. 1. 1. 1. 0. 0. 0. 1. 1. 0. 1. 0. 1. 1. 1. 0. 0. 1.
 0.]"
42,67632,51011,"[0. 0. 0. 1. 1. 0. 0. 0. 1. 0. 1. 1. 0. 1. 1. 0. 1. 1. 1. 1. 0. 0. 0. 1.
 1.]"
73,28768,37835,"[1. 1. 0. 0. 1. 0. 1. 0. 0. 0. 1. 0. 0. 1. 0. 1. 1. 1. 0. 1. 1. 1. 0. 0.
 0.]"
7,12667,43995,"[0. 1. 1. 0. 1. 0. 0. 1. 1. 1. 0. 1. 1. 1. 1. 1. 0. 1. 1. 1. 1. 0. 0. 0.
 0.]"
194,11630,41042,"[1. 0. 1. 1. 1. 0. 1. 0. 1. 0. 0. 1. 0. 0. 0. 1. 0. 1. 0. 1. 0. 0. 1. 1.
 1.]"
87,46462,46472,"[1. 1. 0. 1. 1. 1. 1. 1. 0. 1. 0. 0. 1. 0. 1. 0. 1. 0. 1. 1. 0. 0. 1. 1.
 0.]"
80,80421,15428,"[0. 1. 1. 0. 0. 0. 1. 0. 0. 1. 0. 1. 1. 1. 0. 0. 0. 0. 0. 1. 0. 0. 0. 0.
 0.]"
47,47326,29377,"[0. 1. 0. 0. 0. 0. 0. 0. 1. 1. 0. 1. 1. 0. 1. 0. 0. 0. 1. 1. 1. 1. 0. 1.
 1.]"
48,46011,51011,"[0. 0. 1. 0. 1. 0. 0. 1. 0. 1. 1. 0. 1. 1. 1. 0. 1. 0. 1. 0. 0. 0. 1. 1.
 1.]"
176,11630,41042,"[1. 0. 0. 1. 0. 1. 0. 1. 1. 1. 0. 0. 0. 1. 0. 0. 0. 1. 1. 1. 0. 1. 1. 1.
 1.]"
97,82112,37191,"[1. 1. 1. 0. 1. 1. 0. 0. 1. 0. 1. 1. 0. 0. 0. 0. 1. 0. 0. 1. 0. 1. 0. 1.
 0.]"
160,33289,51011,"[1. 1. 0. 1. 1. 1. 1. 1. 0. 0. 0. 0. 1. 1. 0. 0. 1. 1. 1. 1. 1. 1. 1. 1.
 0.]"
81,11630,41042,"[1. 0. 1. 0. 0. 0. 1. 0. 1. 1. 1. 0. 1. 0. 1. 0. 0. 1. 0. 1. 1. 1. 1. 0.
 0.]"
67,150207,37835,"[0. 0. 1. 0. 1. 0. 0. 0. 0. 0. 1. 0. 0. 1. 0. 1. 0. 0. 0. 0. 0. 1. 1. 0.
 0.]"
102,48153,23035,"[0. 0. 1. 1. 1. 0. 1. 1. 1. 0. 0. 0. 1. 0. 1. 0. 0. 0. 1. 0. 0. 1. 1. 0.
 1.]"
188,71989,37835,"[0. 0. 0. 1. 1. 0. 1. 0. 0. 0. 1. 1. 0. 1. 0. 1. 1. 0. 1. 1. 0. 1. 1. 1.
 0.]"
82,16325,28849,"[0. 0. 0. 1. 1. 0. 0. 0. 0. 1. 0. 1. 1. 0. 0. 1. 0. 1. 1. 0. 1. 0. 1. 0.
 0.]"
116,66310,44457,"[0. 0. 0. 0. 0. 1. 1. 1. 0. 1. 1. 1. 1. 1. 0. 0. 0. 0. 1. 1. 1. 1. 1. 0.
 1.]"
55,45714,18805,"[0. 0. 1. 1. 1. 0. 0. 1. 0. 1. 0. 1. 1. 0. 0. 0. 0. 0. 1. 1. 1. 0. 0. 1.
 0.]"
69,66310,44457,"[0. 1. 0. 0. 1. 0. 1. 1. 0. 0. 1. 1. 1. 1. 1. 1. 1. 0. 1. 0. 1. 1. 0. 1.
 1.]"
16,80658,13333,"[1. 1. 1. 1. 0. 0. 1. 1. 0. 1. 1. 0. 1. 1. 0. 0. 1. 0. 0. 1. 0. 1. 1. 1.
 0.]"
174,50420,28822,"[0. 1. 0. 0. 0. 1. 0. 1. 1. 0. 1. 1. 1. 0. 0. 1. 1. 0. 1. 0. 1. 0. 0. 0.
 0.]"
46,11630,41042,"[1. 1. 0. 1. 0. 1. 0. 1. 1. 0. 1. 0. 0. 1. 1. 1. 1. 1. 1. 0. 1. 0. 0. 1.
 1.]"
37,11630,41042,"[1. 1. 0. 0. 1. 0. 1. 0. 1. 1. 0. 0. 0. 1. 1. 0. 1. 1. 0. 1. 0. 1. 1. 1.
 0.]"
112,11945,20562,"[0. 1. 1. 1. 0. 0. 1. 0. 1. 0. 1. 0. 1. 1. 1. 0. 1. 1. 0. 1. 1. 0. 0. 1.
 1.]"
142,67755,13273,"[1. 0. 0. 0. 0. 0. 1. 1. 0. 0. 1. 0. 0. 1. 1. 0. 1. 0. 1. 0. 1. 1. 1. 0.
 1.]"
29,33889,30746,"[0. 1. 0. 0. 0. 1. 1. 0. 0. 1. 1. 1. 0. 1. 1. 0. 0. 1. 0. 0. 0. 1. 0. 0.
 0.]"
182,12667,43995,"[0. 1. 1. 1. 1. 0. 1. 0. 1. 1. 1. 1. 0. 0. 1. 1. 1. 1. 1. 1. 1. 0. 1. 1.
 1.]"
129,30004,30415,"[0. 0. 0. 0. 0. 1. 1. 1. 1. 0. 0. 1. 1. 0. 0. 1. 1. 1. 1. 0. 0. 1. 0. 1.
 1.]"
145,71645,18751,"[1. 0. 0. 1. 0. 1. 0. 0. 0. 0. 1. 0. 1. 0. 0. 0. 1. 0. 1. 0. 0. 0. 1. 0.
 1.]"
25,128629,37835,"[1. 1. 0. 1. 1. 0. 1. 0. 0. 0. 1. 0. 0. 1. 0. 0. 0. 0. 0. 0. 1. 1. 1. 1.
 1.]"
11,28949,32834,"[0. 0. 1. 0. 1. 1. 1. 1. 1. 1. 1. 1. 0. 0. 1. 1. 0. 1. 1. 1. 1. 1. 0. 1.
 1.]"
123,66301,8989,"[1. 1. 0. 0. 0. 1. 1. 1. 0. 1. 0. 0. 1. 0. 0. 0. 0. 0. 1. 0. 1. 1. 0. 1.
 0.]"
76,138507,20657,"[1. 1. 0. 1. 0. 1. 0. 0. 1. 1. 0. 0. 1. 1. 1. 1. 0. 0. 0. 0. 0. 1. 0. 0.
 1.]"
120,102799,11607,"[1. 0. 0. 0. 0. 0. 1. 0. 0. 0. 0. 1. 1. 1. 0. 0. 0. 0. 0. 1. 0. 1. 0. 1.
 1.]"
179,33257,17929,"[1. 0. 1. 0. 1. 1. 1. 1. 0. 0. 0. 0. 1. 0. 1. 0. 0. 1. 1. 0. 0. 1. 0. 1.
 0.]"
183,33250,19206,"[1. 1. 0. 1. 0. 0. 1. 1. 0. 0. 0. 1. 1. 1. 0. 1. 0. 1. 1. 0. 1. 1. 1. 1.
 1.]"
22,45867,28608,"[1. 1. 0. 1. 1. 1. 0. 0. 1. 1. 0. 0. 1. 1. 0. 0. 1. 0. 1. 0. 0. 0. 0. 0.
 0.]"
92,34488,32342,"[1. 0. 1. 1. 1. 1. 0. 0. 0. 1. 1. 0. 0. 1. 0. 0. 0. 1. 1. 1. 1. 0. 0. 1.
 1.]"
41,12091,15396,"[0. 1. 1. 0. 1. 0. 1. 1. 1. 0. 0. 0. 0. 0. 0. 0. 1. 1. 1. 0. 0. 0. 1. 0.
 0.]"
1,11630,41042,"[1. 0. 1. 0. 1. 0. 0. 1. 1. 0. 1. 0. 1. 1. 1. 1. 1. 1. 1. 1. 0. 1. 1. 0.
 0.]"
159,96919,35715,"[0. 1. 0. 1. 0. 1. 0. 0. 0. 0. 0. 0. 1. 1. 1. 0. 1. 0. 0. 1. 1. 1. 1. 0.
 0.]"
6,30092,24455,"[0. 1. 0. 0. 0. 1. 1. 1. 0. 1. 0. 1. 0. 0. 1. 1. 0. 1. 1. 1. 1. 1. 0. 0.
 0.]"
56,119632,1279,"[1. 1. 0. 1. 0. 0. 0. 0. 0. 0. 0. 1. 0. 0. 1. 1. 1. 0. 0. 0. 1. 0. 1. 0.
 1.]"
200,11630,41042,"[1. 1. 1. 0. 1. 1. 1. 1. 1. 0. 1. 0. 1. 0. 0. 1. 1. 1. 0. 0. 0. 0. 1. 1.
 1.]"
32,28844,20999,"[0. 0. 0. 0. 0. 1. 1. 0. 1. 1. 1. 0. 0. 0. 0. 1. 0. 1. 1. 0. 0. 1. 0. 1.
 1.]"
189,67674,35715,"[1. 1. 1. 0. 0. 1. 1. 0. 0. 1. 1. 1. 1. 1. 1. 1. 0. 0. 1. 0. 0. 0. 1. 0.
 0.]"
38,13846,44457,"[0. 1. 1. 1. 0. 1. 1. 1. 1. 0. 0. 1. 1. 1. 1. 0. 0. 1. 1. 1. 0. 1. 1. 1.
 0.]"
178,11630,41042,"[1. 0. 0. 0. 0. 0. 0. 0. 1. 0. 0. 1. 1. 0. 1. 0. 1. 1. 1. 0. 0. 0. 1. 0.
 1.]"
187,12228,13053,"[0. 0. 1. 1. 1. 0. 0. 0. 1. 1. 0. 0. 1. 0. 0. 0. 0. 1. 0. 0. 1. 0. 1. 0.
 1.]"
54,66310,44457,"[0. 0. 1. 0. 0. 0. 1. 1. 0. 0. 0. 0. 1. 1. 1. 0. 1. 0. 1. 1. 1. 0. 0. 0.
 0.]"
18,81331,30414,"[1. 1. 0. 0. 1. 1. 0. 1. 1. 1. 0. 1. 1. 0. 1. 1. 0. 0. 0. 1. 0. 0. 1. 0.
 1.]"
138,45776,13544,"[0. 1. 1. 1. 1. 1. 1. 0. 1. 1. 0. 0. 1. 0. 0. 1. 0. 0. 1. 0. 0. 1. 1. 0.
 0.]"
173,87484,18490,"[0. 0. 0. 1. 0. 0. 0. 0. 1. 0. 0. 0. 0. 0. 1. 1. 1. 0. 0. 1. 1. 1. 0. 1.
 1.]"
70,81331,30414,"[1. 0. 1. 0. 0. 0. 1. 0. 1. 0. 0. 0. 0. 0. 1. 1. 0. 0. 0. 1. 0. 0. 0. 1.
 1.]"
196,47586,28822,"[0. 1. 1. 0. 0. 0. 0. 1. 1. 0. 0. 1. 1. 0. 0. 1. 0. 0. 1. 1. 0. 1. 1. 0.
 0.]"
137,33231,11983,"[1. 1. 0. 0. 0. 0. 0. 1. 0. 0. 0. 0. 1. 0. 0. 1. 0. 1. 1. 0. 0. 0. 1. 0.
 0.]"
10,16114,18248,"[1. 1. 0. 1. 1. 0. 1. 1. 0. 1. 1. 0. 1. 0. 0. 0. 0. 1. 0. 0. 1. 1. 0. 1.
 0.]"
121,128629,37835,"[1. 0. 0. 0. 1. 0. 1. 0. 0. 0. 1. 0. 0. 1. 0. 1. 1. 0. 0. 0. 1. 0. 0. 0.
 1.]"
190,29414,38506,"[0. 0. 0. 0. 1. 0. 1. 0. 1. 0. 1. 1. 1. 0. 1. 1. 1. 1. 0. 1. 1. 0. 0. 1.
 1.]"
122,125292,44457,"[0. 0. 0. 1. 1. 1. 1. 1. 1. 1. 0. 0. 1. 0. 1. 0. 1. 0. 0. 0. 1. 0. 1. 0.
 1.]"
77,34617,39188,"[1. 0. 1. 0. 1. 0. 1. 0. 0. 0. 0. 1. 0. 1. 1. 0. 1. 1. 0. 0. 1. 1. 1. 1.
 1.]"
23,34396,39945,"[0. 1. 0. 0. 1. 1. 1. 1. 0. 0. 0. 1. 0. 1. 0. 0. 1. 1. 0. 0. 0. 0. 1. 0.
 1.]"
21,12667,43995,"[0. 1. 1. 0. 0. 1. 1. 0. 1. 1. 1. 1. 0. 0. 0. 0. 1. 1. 1. 1. 1. 0. 0. 0.
 0.]"
169,34294,18482,"[0. 0. 0. 0. 1. 0. 0. 0. 0. 0. 0. 0. 1. 1. 0. 0. 0. 1. 1. 0. 1. 0. 0. 1.
 0.]"
